ssn,first_name,last_name,address,city,state,zip
917-95-1680,Jessica,Anderson,9035 Birch Ter,Rockmouth,AZ,80409
977-04-9196,Joseph,Allen,3357 Cleveland Pl,Cedarview,MN,50488
920-90-6925,James,Carter,5674 Grove Rd,Newmouth,IA,57359
944-78-4334,Michael,Thompson,811 Taylor Ct,Cedarford,NC,21674
979-47-9460,Charles,Green,3250 Cleveland Ave,Cedarfalls,MO,66201
948-36-7429,Joseph,Miller,6077 Hillcrest Blvd,Cedarcreek,ME,04741
977-82-2804,Dorothy,Jones,8851 Taylor Dr,Mounthills,IN,44374
928-88-5314,Brian,Scott,1016 Forest St,Grandvalley,DC,26216
991-41-3484,Susan,Torres,8279 Locust Ct,Grandton,WA,96572
933-96-9578,Emily,Wright,7119 Wilson Way,Greenmeadows,PA,12287
906-15-2505,Jennifer,Carter,2721 Roosevelt Way,Eastheights,KY,42266
932-71-0189,Sandra,King,1976 Roosevelt Pl,Whitepoint,OK,76304
958-01-4316,Margaret,Hernandez,8301 Sunset Pl,Pinedale,CA,95573
997-21-8838,Elizabeth,White,8789 Oak Ter,Oldview,RI,08317
907-31-9296,Karen,Thomas,1390 Birch Ct,Pinebury,MS,30319
933-68-9939,Emily,Hernandez,7032 Meadow Pl,Fortheights,NJ,02103
956-67-7398,Dorothy,White,2082 Park Dr,Whitehills,CA,95107
928-01-1164,Joseph,Nguyen,1064 Forest Ave,Newfalls,NJ,00344
962-28-8835,Sarah,Nelson,2267 Taylor Ter,Eastport,ME,01160
912-13-7063,Anthony,Gonzalez,5904 South Way,Oakheights,AR,73981
913-32-3140,George,Perez,3216 Jefferson Ct,Riverford,ND,51612
956-71-1605,Jessica,Jones,928 Grant Pl,Grandsprings,NY,13006
927-52-0961,Ashley,Walker,2797 Fairview St,Springside,CT,03872
971-85-7974,Brian,Campbell,2636 Highland Ln,Silverside,MI,47454
940-08-0822,Patricia,Mitchell,9671 Center Pl,Rockfalls,NC,29489
976-09-3854,Barbara,Jones,6715 Willow Ter,Eastton,KS,60931
966-41-4273,Donna,Torres,3446 Monroe Blvd,Bluehills,VA,21343
958-41-1189,Dorothy,Martin,252 West Ter,Maplehills,VA,26484
916-45-1128,Steven,Taylor,4102 Aspen Ln,Westview,AR,71200
967-02-9087,Michelle,Adams,5005 Monroe Ave,Mountdale,DC,28900
919-35-4617,Melissa,Scott,3550 Cleveland Blvd,Valleyfield,NY,11891
981-55-4534,Patricia,Garcia,822 Oak Blvd,Southmouth,NC,28280
990-55-9190,Mark,Scott,258 Willow Ave,Springmeadows,HI,94291
970-19-7042,Lisa,Nguyen,2188 Pine Ln,Riverbeach,NV,88938
913-46-9174,Jessica,Nelson,6758 Jackson Rd,Clearhills,KY,45862
994-43-6746,Mary,Lopez,4165 Grove Rd,Valleyside,VA,22900
925-59-5729,Donald,Anderson,5100 Forest Dr,Meadowville,OR,96267
935-45-8347,John,Roberts,6648 Roosevelt Pl,Goldenmouth,MA,06528
933-05-1777,Barbara,Nguyen,9874 South Blvd,Valleymouth,TN,31889
973-25-4174,Linda,Harris,827 Cleveland Way,Oldgrove,WY,87149
979-41-2042,Kevin,Perez,5020 Washington Ln,Blueton,CT,05967
916-25-6889,Charles,Scott,6311 Roosevelt Rd,Whiteplains,ID,85344
936-27-7044,James,Martin,9602 Hamilton Blvd,Westbeach,TX,76653
994-22-1390,Steven,Walker,4749 Washington Ter,Fortview,ND,57244
918-04-0758,Joseph,Gonzalez,4111 Center Ter,Fortdale,TN,33848
991-90-6292,Andrew,Gonzalez,8199 Locust Dr,Bluevalley,HI,97461
989-67-7612,Joseph,Lopez,922 Franklin Dr,Stoneside,PA,11746
971-77-5199,Kevin,King,7351 Jackson Pl,Oaksprings,VT,02184
933-97-4051,Donald,Lewis,4643 Adams Ct,Rockcreek,MN,52607
930-35-5503,Amanda,Jackson,5338 Jefferson Ave,Northton,AZ,84499
927-09-6798,Elizabeth,Rivera,6778 Sycamore Pl,Whiteplains,NY,13788
998-75-0321,Anthony,Harris,9532 Fairview Ct,Clearbeach,ND,51020
995-95-8948,Anthony,Wright,9983 Forest Ct,Stoneford,CT,04892
985-87-6625,Matthew,Perez,2804 West Rd,Southtown,SC,27140
910-83-7023,Kevin,Johnson,2323 West Rd,Newharbor,TX,76455
943-98-6212,Sandra,Lee,4658 North Ln,Goldenview,NH,06211
928-84-1125,Patricia,Thompson,759 Maple Dr,Rockfalls,PR,00317
914-73-3572,Donald,Nelson,7719 Kennedy Ln,Greenwood,MD,22496
914-21-5097,Melissa,Rivera,1871 Wilson St,Oldpoint,HI,92749
988-81-3979,John,Nguyen,1769 Kennedy Ln,Mountview,GA,36498
954-85-6072,Daniel,Wright,1229 Washington Blvd,Oakville,NM,89272
958-91-2507,Lisa,Green,7235 Sunset Pl,Pineside,CT,08031
993-76-4398,Sandra,Ramirez,5380 Park Ave,Stoneheights,CO,88817
985-49-5512,Andrew,Flores,570 Main Blvd,Stonesprings,AL,33995
935-77-4527,Thomas,Perez,9206 Oak Pl,Redcove,DE,23475
997-31-7801,Ashley,Scott,8141 East St,Rockside,MD,23954
984-75-6047,Jessica,Martin,7853 Franklin Pl,Whiteplains,PR,03630
934-40-4119,Brian,Robinson,3877 Willow Dr,Goldenbury,IN,49017
927-95-7934,Barbara,Gonzalez,4630 Taylor Ter,Stoneplains,MS,38779
946-23-4953,Charles,Anderson,331 Cleveland Pl,Willowview,CA,91647
916-82-8043,Charles,Hall,1780 Oak Ter,Riverfalls,NY,10745
932-62-1870,Barbara,Brown,1170 Locust Ct,Northborough,FL,37843
910-32-1941,Andrew,Martin,9243 North Ter,Maplecove,NJ,02485
975-55-5004,Mark,Martin,9416 Jackson St,Whitesprings,OK,78561
910-21-3930,Thomas,Nelson,2947 Franklin Ave,Portview,TX,73404
937-05-3793,Joshua,Walker,4820 Cleveland Ln,Northplains,DC,26693
975-85-3242,Thomas,Green,7065 Willow Pl,Fortport,NV,81166
921-40-9750,John,Brown,9425 Cherry Ct,Willowwood,SC,24352
969-64-7173,Sarah,Allen,1417 Hamilton St,Mountford,VT,04982
986-74-9620,Jennifer,Anderson,439 Roosevelt Ln,Grandtown,MN,59891
935-24-9591,Dorothy,Lewis,7241 Madison Ct,Southgrove,AR,72870
913-21-5404,Christopher,Nelson,6844 Kennedy Ct,Blueborough,PR,05700
932-42-1900,Jennifer,Lee,6722 Washington St,Riversprings,FL,39012
979-97-8168,Kimberly,White,7342 Cedar Dr,Riverview,ID,86770
903-81-9976,Ashley,Davis,4020 Cleveland Rd,Northplains,AL,34719
959-16-2523,Joseph,Davis,8265 Cleveland Ln,Blueton,GA,39048
958-71-2370,Donald,Thomas,6384 Highland Ter,Willowheights,IL,66807
964-35-0043,Anthony,Perez,4734 Taylor Ln,Grandbay,IL,61143
942-71-8904,Donald,Thompson,6280 West Blvd,Northfalls,LA,72434
905-41-7750,Deborah,Clark,6346 Fairview Rd,Whiteport,MD,29368
956-13-8618,Nancy,Miller,7586 Oak Rd,Eastharbor,WI,52068
979-89-6513,Thomas,Perez,1415 Sycamore Pl,Southcove,IA,51225
908-31-4709,Robert,Flores,3827 Polk Ave,Meadowfalls,MI,47994
903-06-5315,Brian,Martin,1019 Cherry Blvd,Northridge,MN,51646
987-24-2786,Anthony,Torres,2968 Birch Ter,Greengrove,KY,42385
959-82-4162,Elizabeth,Anderson,7629 Valley St,Hillharbor,MI,48153
956-45-9627,David,Jones,5001 Madison Way,Fortfalls,WA,94712
961-14-3887,Richard,Harris,6348 Lincoln Blvd,Meadowdale,NV,87484
935-02-9273,Kevin,Sanchez,903 Hamilton Ct,Lakebeach,AR,74837
924-80-4107,Joseph,Green,2340 Madison Ave,Oakbury,FL,39946
946-94-2154,Robert,Nguyen,1576 Cherry Blvd,Oaksprings,AZ,85061
967-65-4466,Paul,White,2795 Valley Ct,Clearwood,AK,92877
918-97-3697,Sandra,Jones,6611 Franklin Blvd,Oakfield,WA,95549
947-87-4296,Linda,Robinson,9677 Fairview Blvd,Grandfalls,PR,00228
978-29-1036,Emily,Lee,7706 Kennedy Ln,Lakepoint,RI,07724
963-15-1593,Robert,Martin,3946 Jefferson Rd,Mapleville,CO,81911
953-76-2532,Brian,Wright,6897 Grant Ave,Fortmeadows,MI,46078
956-57-3869,Lisa,Wilson,6042 Walnut Blvd,Riverplains,WI,54583
958-12-3476,Richard,Davis,9883 Maple St,Whitemouth,MO,60992
908-98-9081,Andrew,Wilson,3494 Wilson Dr,Maplecove,OR,93990
918-17-8851,James,Moore,4206 Sunset Ave,Oakpoint,SC,22417
941-03-2855,Jessica,Nguyen,4447 Cedar Rd,Lakebury,ID,82159
957-47-8409,John,Walker,9826 Walnut Ct,Pinemeadows,AK,98619
938-59-0511,Kevin,King,1096 Center Way,Rockcove,IL,60710
941-78-2431,John,Garcia,1176 Lakeview Ln,Mountsprings,MN,58032
964-78-7049,Charles,Robinson,1724 Kennedy Ave,Oldgrove,TX,76240
958-52-6816,Anthony,Perez,1657 Magnolia Way,Northport,CO,87046
911-11-1528,Donald,Jones,7175 Walnut Blvd,Maplehills,MS,36132
942-86-2003,Emily,Scott,6830 Spruce Way,Riverharbor,WA,99115
973-65-3486,Daniel,Miller,2635 Monroe Ct,Olddale,WY,84712
997-36-9407,Lisa,Davis,3805 South Pl,Meadowfalls,SC,25736
903-24-4478,Brian,Moore,5162 Sycamore Blvd,Hillhills,HI,99977
918-95-0503,Betty,Jones,1603 Polk Pl,Newhills,CT,02347
939-93-5315,David,White,9399 Hamilton Ave,Northborough,NC,26878
910-35-7260,Patricia,Baker,7047 Main Ter,Stonepoint,NH,02579
944-56-1817,Steven,Davis,4740 Roosevelt Ter,Clearbay,MT,54475
900-27-4939,Joshua,Brown,3560 Lakeview Ln,Greenford,WI,50744
922-17-6230,Melissa,Ramirez,8825 Cleveland Dr,Lakeheights,FL,31965
955-03-7533,Melissa,Williams,1375 Magnolia Ter,Whitecreek,IL,61180
941-22-7539,Betty,Johnson,6028 Birch Way,Silverfield,MN,56843
950-40-5563,Kimberly,Garcia,3730 Sycamore Rd,Newford,RI,07138
944-94-2420,Deborah,Thompson,3971 Walnut Rd,Eastview,NJ,08693
983-10-2903,Timothy,Carter,8195 West Ter,Oldwood,WV,22842
980-41-2474,Michelle,Lee,7305 Elm Ct,Portvalley,CA,99248
909-40-7566,Daniel,Allen,7504 Pine St,Newville,MT,54500
976-65-6300,Jennifer,Flores,7681 Wilson Pl,Portcreek,KY,41257
924-42-9913,Andrew,Adams,7892 Washington Rd,Hillcove,OR,97368
910-65-2828,Nancy,Rivera,741 Park Ct,Oakbeach,NH,01695
999-44-9796,Matthew,Clark,957 Madison Blvd,Reddale,MT,55962
932-93-9875,Matthew,Jackson,2563 Sycamore Ave,Westhills,NJ,01548
950-17-9750,Brian,Nelson,1488 Chestnut Pl,Silvervalley,LA,75731
967-12-6938,Melissa,Baker,8431 Aspen St,Fortplains,MI,42093
924-29-2254,Deborah,Young,2638 Elm Ln,Clearborough,KY,42953
904-85-5518,Melissa,King,2247 Hamilton Way,Stonefalls,OR,98317
921-93-7171,Deborah,Flores,815 North Blvd,Willowplains,PA,12962
957-30-8750,Timothy,Mitchell,4018 Chestnut Ct,Olddale,NM,87277
999-49-8240,Deborah,Jackson,8741 North Rd,Northsprings,MD,29345
970-14-8453,Donald,White,2142 Cherry Ave,Rivervalley,MD,24096
911-29-7392,Elizabeth,Ramirez,5827 Maple Way,Northgrove,CA,94469
947-29-0462,Matthew,Garcia,5321 Walnut Blvd,Redport,NH,08224
917-98-7686,Donald,Hall,7449 Jackson St,Riverdale,OR,92254
993-78-8648,Elizabeth,Scott,7034 Willow Ln,Clearbeach,PR,04193
979-59-1030,Anthony,Green,1916 Main Ter,Riverport,VA,21996
937-55-0026,Amanda,Martinez,5880 Park Ter,Newport,MO,68443
969-65-8317,John,King,9179 Maple Way,Eastbury,IA,51402
945-09-5650,Melissa,Johnson,4050 Taylor Ave,Redmouth,SD,56338
982-23-7613,Paul,Perez,7940 Madison Rd,Riverbury,HI,92185
937-26-0718,Sandra,Williams,3368 Pine Blvd,Mountbay,WA,91033
982-25-4688,Robert,Carter,5948 Cedar Blvd,Southmouth,GA,38897
949-44-3061,Melissa,Lewis,8229 Kennedy Ct,Blueford,AL,36029
977-24-8938,Jennifer,Ramirez,4913 Magnolia Ave,Rockside,KY,41353
954-22-7273,Joshua,Rivera,5859 East St,Silversprings,PR,04843
985-82-6656,Patricia,Jones,6052 Washington Rd,Grandvalley,WY,87126
916-09-3867,Mark,Williams,6101 Aspen Way,Fortcove,MA,09954
947-57-1260,Mark,White,9503 Lakeview Pl,Maplehills,AR,79913
903-95-3049,Jessica,Davis,8276 Adams Way,Portmouth,KY,45150
927-79-4679,Amanda,Lewis,8147 Highland Ave,Stonemouth,NE,64288
987-41-5693,Mark,Garcia,1163 Franklin Pl,Springplains,NY,17406
922-47-8336,Brian,Green,3773 Willow Dr,Mountplains,FL,32580
970-74-6045,Mary,White,7757 Franklin Rd,Oakheights,OR,93878
961-68-6731,Amanda,Campbell,6808 Lincoln Ave,Silverford,TX,71077
944-17-9033,Carol,King,9730 Sunset Rd,Northsprings,NY,11215
920-42-3695,Karen,Hernandez,5769 Adams Ln,Eastwood,MN,52034
980-39-8741,Sarah,Rodriguez,1630 Washington Rd,Portfalls,PR,03216
943-73-0675,George,Hill,564 Birch St,Fortpoint,LA,72804
981-04-8160,Anthony,Flores,9038 Cherry Ln,Stoneharbor,CO,83453
907-21-7203,John,Hall,6909 Center Ct,Silversprings,SD,56653
993-45-6533,Amanda,Lee,2242 Aspen Pl,Mapleborough,NC,29939
957-32-2309,Linda,Moore,1686 Cedar Ln,Greensprings,NE,65228
992-41-3111,Christopher,Torres,2710 Main Pl,Meadowridge,MI,44067
964-59-3945,Jennifer,Sanchez,3624 Wilson Blvd,Southtown,ND,55055
960-37-8794,Dorothy,Baker,233 Walnut Way,Southpoint,NH,04609
951-07-9344,Lisa,Williams,9304 Highland Blvd,Stoneford,NY,15992
970-36-1947,Mark,Carter,2208 Walnut Way,Whitegrove,NE,61204
977-66-6577,Elizabeth,Gonzalez,8293 Pine St,Redbay,KY,49139
919-78-8447,Kimberly,Robinson,2390 Magnolia Ter,Oakheights,ME,05456
943-65-8352,Karen,Nguyen,8821 Main Ter,Oldmeadows,MS,36438
953-75-5041,Carol,Davis,536 Hamilton Ct,Redborough,GA,30272
980-93-6230,David,King,2521 Roosevelt Dr,Newheights,WV,20841
919-53-3341,Christopher,Clark,6823 Washington Ter,Lakesprings,ME,03125
984-62-8610,Emily,Lee,6273 Magnolia Rd,Eastview,SD,52262
987-83-4332,Deborah,Campbell,8032 Highland Dr,Redhills,ND,58950
926-89-8012,Charles,Rivera,5294 Center Blvd,Silverbay,AL,33684
948-51-5655,Carol,Wright,2499 Cherry St,Pineharbor,NE,64715
995-62-3506,Dorothy,Taylor,3410 Jefferson Ln,Hillsprings,FL,35674
930-32-0832,Melissa,Nguyen,8800 Forest Dr,Pinepoint,NE,62249
987-99-2253,Donald,Miller,184 Franklin Rd,Goldenplains,NH,06771
941-37-0970,Timothy,Jackson,1565 Grant Ter,Portview,IA,57822
950-64-3053,Barbara,Williams,4842 Pine St,Bluebeach,SC,22868
967-64-2199,Dorothy,Wright,8361 West Ln,Silversprings,GA,35489
932-92-3051,Sandra,Adams,330 Polk Blvd,Springmeadows,MD,25417
978-82-6644,Richard,Lopez,7107 Washington Blvd,Fortbay,OR,99302
931-01-4273,Donald,Lee,6384 Park Ct,Springwood,PR,01562
901-34-5891,George,Torres,3971 Cedar Ave,Silverharbor,CA,95400
998-40-1924,Steven,Rivera,4933 Aspen Ter,Whitehills,ND,52616
977-48-6814,Sandra,Mitchell,9098 Center Pl,Southwood,SC,22188
967-58-8654,Joshua,Garcia,6027 Elm Ter,Fortbay,WA,94054
968-20-2696,Richard,Torres,5475 Adams Ct,Valleygrove,VT,08972
907-59-2162,Steven,Lewis,8509 North Ct,Southton,VT,09554
902-51-4170,Karen,Campbell,149 Polk Dr,Northhills,AR,79155
969-08-1131,Brian,Jones,7834 Pine Ln,Bluebury,LA,70742
953-48-6267,George,Adams,7448 Fairview Way,Stonevalley,IA,52218
967-17-3649,Paul,Sanchez,156 Maple Ln,Pineridge,PR,05697
958-45-2542,Joseph,Thomas,4616 Highland Ave,Whitebeach,ND,58715
976-05-7315,John,Miller,9894 Roosevelt St,Greenview,ME,00256
996-08-2296,Paul,Wilson,8355 Cherry Dr,Northport,VA,26590
930-39-2348,Carol,Lee,8640 Forest Way,Oldbay,WY,89461
980-87-7000,Melissa,Lopez,9207 Main St,Westharbor,GA,30998
919-39-6168,Anthony,Clark,3112 Jefferson Ct,Goldenplains,IN,48592
907-72-6762,Elizabeth,Robinson,6924 Franklin Pl,Meadowplains,VA,24927
910-58-6080,Nancy,Adams,1614 Jefferson Dr,Grandview,NY,13978
909-25-9627,Joshua,Williams,9256 Meadow Ct,Fortpoint,NH,06179
994-16-7847,Susan,Gonzalez,4074 Kennedy Ter,Hilltown,NC,24967
999-37-6237,Emily,Lee,7739 Jefferson Blvd,Hillport,UT,86498
992-61-5247,Sandra,Miller,3428 Aspen Blvd,Eastheights,GA,35892
902-34-9066,Melissa,Martinez,9668 Wilson Way,Meadowport,IA,59216
931-64-9022,Matthew,Torres,5630 Valley Ct,Goldenport,FL,33214
917-93-8955,Daniel,Hernandez,8100 Sunset Pl,Springmeadows,WY,87550
906-98-0105,John,Nelson,6856 Lakeview Dr,Riverbeach,CO,88584
907-80-7917,Sandra,White,8093 Maple St,Cleargrove,NJ,00149
968-37-0281,George,Moore,8328 Kennedy Way,Lakegrove,MO,60194
930-25-8626,Kimberly,Martinez,4235 Spruce Ln,Hillfield,WA,91753
931-90-3701,Sandra,Torres,5014 Roosevelt Ave,Redford,OR,91294
960-08-0155,Matthew,Scott,2907 Birch Ct,Whiteford,CO,81531
929-28-9287,Kimberly,Williams,7890 Grove St,Meadowfield,MN,59270
940-03-3395,Robert,Lopez,9717 Riverside Way,Newhills,NJ,08897
986-70-5436,Andrew,Harris,6388 Polk Rd,Newport,NJ,02661
955-30-1246,Patricia,Miller,5680 Hamilton Ter,Rockbury,OR,98204
962-30-5830,Sarah,Lewis,9160 Fairview Way,Lakevalley,OK,75347
991-10-1345,Charles,Thomas,4490 Riverside Way,Stonepoint,DE,21404
900-40-7287,Michael,Garcia,5996 Grove Ave,Goldenbury,UT,86383
965-53-1693,Emily,Scott,530 Birch Blvd,Bluesprings,NY,13070
901-38-6780,Christopher,Harris,6453 Birch Pl,Oldcove,NE,69780
934-64-2391,Sarah,Martin,1136 Hillcrest Way,Springwood,VA,26237
932-32-8124,John,White,9828 Jackson Dr,Southcove,AL,34911
979-49-5400,Betty,Perez,7312 Sycamore Way,Silvertown,ND,52219
961-41-2911,Brian,Gonzalez,6624 Magnolia Ln,Goldenpoint,CO,84922
935-51-5981,Christopher,Harris,1965 Lincoln Dr,Oakport,AK,99435
926-57-4774,Sandra,Rivera,1233 North Ct,Lakemeadows,LA,79012
954-49-1212,Elizabeth,Rivera,7457 Hamilton Ct,Grandhills,NY,13965
969-05-5891,Brian,Clark,8896 Hamilton Ave,Eastcreek,LA,78755
972-83-6548,Michelle,Williams,5532 South Ave,Springvalley,RI,05816
971-75-9425,Melissa,King,3721 East Blvd,Greengrove,CT,04239
903-62-1713,Elizabeth,Thompson,4940 North Ave,Mountgrove,OH,49643
966-62-5707,Sandra,Wilson,7901 Walnut Ct,Silverborough,VT,05707
914-03-5621,Robert,Rivera,1891 Roosevelt Rd,Cedardale,WY,85225
971-55-7571,David,Perez,3898 Locust Rd,Springfalls,AK,98454
957-76-7038,Michelle,Gonzalez,6470 Oak Dr,Lakemeadows,DE,26481
946-42-3229,Paul,Lopez,7596 Willow Ln,Newfield,NC,21025
978-51-9618,Joshua,Harris,1971 Spruce Blvd,Portborough,ID,88646
986-18-5132,Donna,Garcia,2031 Park Ln,Hillpoint,ND,54873
953-77-2259,Steven,Harris,9517 Fairview Way,Mountwood,VT,06116
921-63-4733,Barbara,Scott,2398 Sunset Blvd,Mountvalley,DE,28804
949-72-8282,William,Gonzalez,8209 North Ct,Lakeheights,MT,55882
997-29-4786,Andrew,Johnson,635 Grove Dr,Springton,IA,58006
998-99-8116,Andrew,Mitchell,9106 Washington Ave,Stonesprings,MO,62755
996-06-7232,Lisa,Wright,9051 Meadow Way,Stonefalls,AR,74389
944-12-7194,Mark,Taylor,2023 Park Dr,Meadowville,RI,04877
917-27-3391,David,Flores,1072 Lincoln Blvd,Portside,WA,99998
937-38-9384,Christopher,Rivera,4480 Washington Ave,Westridge,MO,69778
989-17-4091,Dorothy,Rodriguez,2496 Cleveland Blvd,Grandcreek,NY,10971
980-54-6147,Kenneth,Moore,7505 Elm Ave,Mapleharbor,VA,28019
900-94-1527,Christopher,Nguyen,7611 Madison Blvd,Northheights,OH,46046
934-42-4647,Susan,Young,5633 Franklin Ter,Bluebeach,NJ,03568
905-13-7530,Timothy,Brown,366 Willow Rd,Valleyhills,NY,15631
983-39-2605,Brian,Rodriguez,4589 Birch Blvd,Blueview,MT,50011
950-81-5006,David,Brown,3936 South Ave,Fortvalley,WV,26092
975-29-8511,John,Rodriguez,7391 Oak St,Clearheights,UT,80017
961-10-3752,Brian,Rodriguez,6376 Birch Ave,Meadowside,NV,81975
999-97-2182,William,Harris,2440 Elm Pl,Valleydale,RI,06022
992-28-2481,Mark,Thompson,6845 Jackson Ct,Portridge,AR,79999
993-50-5760,Linda,Nguyen,7135 Magnolia Rd,Maplebay,NC,21646
992-78-4669,Joshua,Hill,539 Monroe Ln,Greenfalls,VA,21380
963-50-1848,Patricia,Thomas,4049 Main Ter,Silvervalley,NC,26418
972-54-5987,William,Harris,9051 Roosevelt Rd,Hillborough,NJ,05916
933-28-0653,John,Smith,1090 Locust Pl,Lakeharbor,CA,91195
968-69-2502,Jennifer,Green,4646 Birch Ln,Mountford,FL,36939
981-98-1084,Betty,Nguyen,5181 Kennedy Way,Westborough,PR,02545
958-79-9976,Margaret,Davis,1001 Chestnut Rd,Greenton,WY,80948
944-67-8475,David,Young,4347 Hillcrest Blvd,Mounttown,VT,02248
934-68-1047,Nancy,Ramirez,4408 Cleveland Ter,Stonetown,NY,11934
963-73-2735,Lisa,Brown,6124 Hillcrest Ln,Northgrove,AZ,88128
994-66-0043,Linda,Anderson,821 Oak Dr,Fortmeadows,HI,99402
970-92-6871,Barbara,Williams,3778 Magnolia Dr,Whitewood,ME,05963
915-65-0863,Andrew,White,3038 Forest Pl,Willowton,IA,54444
939-42-1416,Charles,Roberts,9161 West St,Valleysprings,ME,01129
979-32-7601,Karen,Mitchell,6133 Wilson Ct,Newcove,KY,44777
900-53-0392,Jessica,Martinez,3917 Jefferson Blvd,Stonecove,HI,98954
994-94-5039,Kevin,Harris,1803 Meadow Pl,Lakebay,AZ,85488
911-06-3793,Amanda,Moore,8615 North Blvd,Riverwood,VA,28061
950-10-9698,William,Green,9403 Cedar Way,Pinegrove,ND,59515
989-95-5346,Christopher,Sanchez,5311 East Ln,Silvermouth,ID,83879
913-20-1732,Deborah,Nguyen,2793 East Ct,Maplebay,SC,23321
957-40-7592,Deborah,Wilson,4441 Willow Ave,Westbury,MS,31978
911-92-4067,Christopher,Martinez,5928 Locust Pl,Riverview,DC,29884
957-72-9014,Mary,Sanchez,4193 Walnut Ct,Willowridge,NH,04262
916-26-6564,Deborah,Anderson,6198 Roosevelt Ave,Lakeville,RI,01989
956-17-1507,Richard,Adams,5532 Willow St,Laketon,LA,71228
950-64-0484,Margaret,Campbell,6370 Roosevelt Way,Hillharbor,ND,52752
957-20-0568,Sarah,Moore,4126 Grant Ln,Hillridge,DE,23517
949-18-6869,Jennifer,Moore,3367 Grant Pl,Southville,WI,59022
969-63-5637,Daniel,Walker,9367 Washington Blvd,Oakplains,VA,26266
903-36-0960,Joshua,Anderson,7828 Adams Blvd,Lakeborough,MI,42946
934-69-0917,Kevin,Thomas,3694 Lincoln Way,Pineport,HI,92615
989-46-9693,Christopher,Mitchell,562 Cleveland Blvd,Greenharbor,IN,42885
939-23-8036,Ashley,Wright,721 Birch St,Clearbeach,AR,79225
978-26-2138,James,Perez,5682 Cleveland Rd,Eastheights,SC,20326
918-15-8623,Donna,Rivera,6078 Elm Blvd,Lakewood,WA,90975
917-21-7158,Karen,Lee,8082 Grant Blvd,Pineborough,UT,89601
939-94-4826,Barbara,Harris,2186 Sunset St,Fortharbor,DE,23657
978-29-9266,Joshua,Lee,1805 Main Rd,Riverridge,NV,89297
911-91-5501,David,Green,7417 Oak Ln,Redborough,TN,33899
900-07-6324,Michael,Campbell,7279 Taylor Way,Redmouth,NC,21110
948-13-7856,Daniel,Wright,9570 Grant Dr,Valleyford,DC,28078
902-41-4279,Robert,Jackson,1815 Elm Blvd,Oakcreek,DC,21207
943-77-7910,Emily,Garcia,607 South Rd,Rockton,DC,22636
924-53-9079,Nancy,Wilson,8949 Valley Ln,Riverfield,OK,72573
962-20-0894,Andrew,Scott,6011 Oak Way,Riverford,GA,31571
926-22-4782,Michael,Johnson,1442 Center Ave,Southview,PR,09833
982-70-6350,Thomas,Garcia,3129 Aspen Way,Southhills,GA,37715
933-29-4401,Mark,Robinson,9344 Cedar Rd,Rivermouth,KY,47303
996-76-3728,Paul,Clark,9170 Cedar Way,Fortbury,CA,91404
930-61-4897,Donald,Torres,1393 Locust St,Fortcreek,KS,68773
927-25-2068,Barbara,Hernandez,799 South Ave,Stonesprings,IL,61970
933-41-1098,Elizabeth,Hill,1525 Fairview Pl,Willowvalley,NM,83308
979-76-8562,James,Hall,6974 Willow Way,Eastsprings,OH,44525
913-73-1655,Timothy,Miller,4787 Jefferson Blvd,Newharbor,PA,19283
960-05-2822,Andrew,Hill,4612 Locust Rd,Portheights,IA,56275
906-96-7786,Brian,Thomas,4500 Aspen St,Whiteborough,TX,70635
987-13-3735,Ashley,Hall,2301 Chestnut Ct,Grandbeach,TN,35094
911-25-7238,Joshua,Adams,3563 North Ct,Rockside,HI,94414
939-91-8304,David,Jones,6709 Lakeview Pl,Eastcove,CA,90920
931-05-7479,Richard,Brown,928 Aspen Dr,Clearbeach,AR,72846
987-04-3964,Kenneth,Davis,6202 Main Ter,Eastford,AL,37605
920-34-1481,Daniel,Thompson,4770 Maple Way,Newfalls,MT,57775
928-87-3388,Joseph,Adams,4508 Grant Way,Stoneview,NH,09375
976-02-3667,Dorothy,Lopez,4235 Hamilton Ln,Southwood,IL,60145
932-28-7647,Daniel,Robinson,5050 Roosevelt Pl,Valleyford,UT,86943
947-72-9729,Steven,Nelson,4731 Chestnut Ave,Pinetown,TX,79576
933-84-4896,Christopher,Moore,3186 Riverside Pl,Grandvalley,SD,55509
984-41-2293,Joshua,Sanchez,517 Grant Ct,Oakcreek,CA,90930
974-91-9373,Melissa,Williams,3211 Sycamore Dr,Whiteford,FL,36857
971-24-4814,David,Nelson,1699 Center Rd,Eastdale,NM,85873
983-12-3642,Carol,Perez,5920 Forest Ln,Stoneridge,AK,99159
915-61-0880,Charles,Robinson,9661 Wilson Ter,Grandharbor,IA,56089
967-39-6769,Carol,Harris,985 Riverside Rd,Eastfield,NJ,03187
991-24-1325,Elizabeth,Lee,8088 Sycamore Rd,Newsprings,MD,26704
999-22-9442,Susan,Carter,2695 Main Ave,Northmouth,MS,30077
900-05-8746,Donald,Harris,3367 Taylor Blvd,Whiteside,NY,17035
980-94-4077,Carol,Smith,3807 Kennedy Blvd,Cleartown,CT,08700
921-09-0750,Donna,Martin,4985 Cherry Ct,Whitegrove,GA,31682
962-46-3088,William,Perez,2801 Locust St,Valleyhills,WY,87105
964-22-2018,Mary,Nguyen,6106 Cleveland St,Clearmeadows,SC,22149
984-14-0324,Joshua,Brown,890 Kennedy Ave,Oldville,MI,48761
989-20-3367,Thomas,Walker,252 Chestnut Way,Pinefalls,IA,56230
917-54-1719,Joshua,Hall,8481 Taylor Ter,Grandpoint,ID,88524
977-26-4309,Ashley,Gonzalez,8671 Highland Blvd,Oakfield,VT,01867
926-89-7876,Emily,Young,5516 Park St,Springville,UT,84839
919-12-8384,Kevin,Young,1329 Taylor Ave,Willowharbor,CT,01809
912-23-0647,Sandra,Brown,4860 Aspen Blvd,Silvermouth,WV,27483
917-85-2794,Robert,Smith,5484 Spruce Ct,Meadowbay,MN,51556
914-52-6558,Nancy,Lopez,7579 Grove Way,Redbeach,TX,71522
916-90-0961,David,Davis,2711 Walnut Way,Portcove,NV,86909
948-46-0473,Barbara,Flores,2240 Center Ct,Fortsprings,LA,79321
940-02-8599,Thomas,Adams,9547 Taylor Ter,Riverton,VT,07220
912-56-4073,Brian,Flores,7995 Spruce Way,Eastplains,SC,28504
963-22-1227,Steven,Walker,8155 Magnolia Dr,Portridge,PA,10190
948-52-3851,Emily,Adams,1391 West Ct,Eastport,TN,30824
915-64-0292,Mark,Lee,1781 Locust Way,Meadowheights,WA,91442
938-66-9214,Michelle,Green,3489 Grant Ct,Oakpoint,ME,01489
971-99-9830,Sandra,Perez,7851 Cleveland Blvd,Willowport,TN,30889
900-44-5819,Kevin,Anderson,4883 Franklin Pl,Pinebay,UT,81868
991-96-6705,Ashley,Rodriguez,1852 Valley Ter,Valleyridge,KY,40750
958-25-5537,Betty,Wilson,1865 North St,Hillcreek,MD,21978
917-64-0072,Donna,Allen,8789 Polk St,Northhills,AZ,87381
988-75-2846,Deborah,Lopez,2203 Walnut Way,Southgrove,NE,69586
988-98-4068,Anthony,Hill,4582 Locust Blvd,Valleyford,ID,88259
995-66-4898,Joshua,Hall,9075 Magnolia Pl,Mapleside,FL,32185
987-45-2174,Amanda,Jackson,3013 Washington Pl,Clearpoint,AZ,83291
974-74-6840,Emily,Walker,8847 Cherry Way,Stonebury,NV,81890
906-86-0928,Matthew,Martinez,3375 Grove Rd,Pinetown,WA,98564
926-97-8867,Brian,Jackson,629 Spruce Ct,Willowville,FL,32399
936-89-0770,Steven,Hall,6351 Fairview Way,Whiteport,RI,09195
925-80-7260,Melissa,Taylor,3795 Madison Blvd,Rivertown,OR,99046
909-24-2848,Barbara,Baker,8518 Willow Way,Silversprings,CA,93170
974-33-0093,William,Hernandez,5515 West Rd,Westmouth,ME,04572
978-85-4935,Deborah,Green,8137 Lincoln Pl,Oldville,ME,05285
908-65-2612,Barbara,King,6914 Jefferson Pl,Eastport,IN,45207
942-47-4810,Kevin,Perez,3679 Jackson Pl,Greenview,OH,45724
982-79-3995,Mark,Thomas,753 Roosevelt Blvd,Fortbury,SD,51879
903-67-6144,George,Jackson,8526 Washington Ct,Grandfalls,MI,46322
965-11-1573,Richard,Lee,2842 Jefferson Pl,Valleyvalley,WI,54856
987-55-1703,Deborah,Wilson,3468 Jefferson Way,Fortvalley,CT,03453
904-12-1201,Amanda,Perez,989 Sunset Ln,Lakesprings,CO,82519
949-58-6627,Thomas,Clark,7194 Magnolia St,Willowport,NE,69420
908-97-9595,George,Flores,845 Kennedy Ave,Lakevalley,MI,48762
911-37-7171,Karen,Hill,6349 Locust St,Oakhills,IN,44748
969-38-2361,Melissa,Sanchez,4983 Roosevelt Blvd,Greenwood,SD,58740
950-69-8971,Andrew,Hill,1494 Chestnut Dr,Rivertown,CT,02019
920-24-3618,Steven,Martinez,4240 Highland Ave,Bluevalley,AK,93469
937-86-1104,Emily,Jones,4207 Walnut Dr,Northvalley,DE,28992
930-13-4672,Kevin,Adams,1243 Highland Blvd,Redwood,WY,85420
974-20-9267,Karen,Hall,9387 Aspen Blvd,Oldhills,WI,55379
994-83-7146,Joseph,Rivera,4633 Aspen Rd,Goldenport,MN,50079
939-63-9039,Daniel,Roberts,1883 Sunset Ter,Northsprings,NM,87863
993-81-1253,Richard,Taylor,1335 Maple Pl,Valleyfalls,PR,02293
927-05-9038,Deborah,Nguyen,4369 Jefferson Pl,Newford,AZ,89533
993-38-2194,Deborah,Nguyen,7713 Washington Pl,Whiteport,SD,55993
978-88-2718,Kevin,Thomas,8523 Lakeview Ct,Easttown,PR,05961
993-62-5879,Elizabeth,Mitchell,762 Forest Ct,Newhills,DC,29279
926-67-5919,Robert,Nelson,6458 Center Ct,Redport,SC,24331
935-95-4315,Kimberly,Green,9580 Jefferson Ter,Pineplains,ME,05309
966-33-6166,Dorothy,Jones,3751 Adams Way,Redharbor,DE,26201
964-18-7208,Joshua,Smith,2813 Forest Ave,Oakheights,IN,47976
977-92-1939,David,White,3873 North Blvd,Mapleridge,IL,63465
975-21-6733,Donald,Wilson,467 Park St,Fortheights,WY,87889
918-08-2726,Robert,Torres,4331 Sunset Pl,Portgrove,NY,12207
960-62-2795,Mark,Hill,3694 North Ter,Cedarview,OH,44644
943-59-9774,George,Baker,9776 Elm Dr,Grandridge,PA,18369
964-88-6878,Richard,King,2550 Hamilton Ave,Pinetown,MI,42166
996-16-1527,Paul,Allen,8001 Monroe Rd,Rivercove,DE,29827
989-68-7029,Lisa,Williams,3859 Center Way,Eastside,OK,77069
929-11-4642,Donald,Roberts,9902 Jefferson Way,Maplemouth,IN,46971
966-16-8516,James,Torres,217 Fairview Dr,Mountmeadows,WV,20089
983-75-4156,Elizabeth,Ramirez,4381 Jefferson Way,Redfield,NV,86698
952-71-9136,Timothy,Wilson,8004 Sunset Blvd,Fortford,AR,74514
990-51-2263,Daniel,Roberts,2051 Polk Dr,Silverharbor,NE,64157
970-79-0853,Betty,Perez,2733 Fairview St,Cleargrove,MT,51642
908-34-3634,Margaret,Garcia,6175 Birch Ter,Southpoint,WA,92381
991-77-0942,Kimberly,Jackson,2971 Madison Ct,Oldvalley,ME,06564
924-05-9823,Kimberly,Jackson,8464 Adams Dr,Meadowhills,MT,53304
920-12-4521,Dorothy,Smith,6644 Spruce Way,Redport,TX,70590
911-71-4662,Amanda,Jones,9260 Wilson Blvd,Lakemeadows,OH,48482
973-01-4278,Sandra,Sanchez,2967 North Pl,Oldview,IN,43707
932-69-9420,Linda,Allen,4198 Kennedy Ct,Silverborough,RI,08243
987-59-9615,Deborah,Robinson,548 Center Ave,Stoneborough,MI,43985
989-30-5173,Joseph,Baker,6857 Spruce Pl,Portcove,WV,26269
986-96-5604,Jennifer,Sanchez,1345 Franklin Rd,Greendale,MO,64314
995-88-3116,Sarah,Lopez,8275 Polk Dr,Clearharbor,SD,55792
979-46-2556,Richard,Thomas,1847 Willow Ave,Clearport,VA,24348
961-48-5168,Paul,Williams,8166 Lincoln Ln,Stonecreek,NM,80108
973-17-0888,Joseph,Carter,8713 South Ct,Grandford,WI,58374
922-59-1973,Carol,Roberts,8590 West Blvd,Redford,MO,68232
912-42-5925,Matthew,Nguyen,4354 Sunset Pl,Fortview,NV,80193
923-64-6946,Nancy,White,3549 North Blvd,Southpoint,WV,24413
973-88-3745,Andrew,Rodriguez,1736 Taylor Ln,Northridge,KY,44581
918-95-2451,Matthew,Gonzalez,7849 Oak Rd,Bluecreek,WA,99098
968-93-5173,Kenneth,King,8072 Chestnut Ln,Valleycreek,IA,52203
927-33-7808,David,Brown,1677 East Blvd,Pineplains,NE,66527
902-53-1987,Thomas,Thompson,5852 Roosevelt Ter,Westfalls,WV,25903
962-95-7323,Carol,Allen,1384 Fairview Ter,Redborough,MD,24663
953-81-9366,Kenneth,Perez,6731 Elm Ave,Meadowridge,FL,32373
990-35-9919,Dorothy,Jackson,6579 Grove Ct,Goldenborough,DC,23739
923-03-2049,Anthony,Hernandez,3944 Monroe Ln,Eastsprings,HI,99616
908-61-8986,Michael,Miller,981 Maple Way,Springford,AK,93450
983-50-5069,Elizabeth,Garcia,3857 Park Ln,Grandpoint,KS,61702
904-85-5847,David,Johnson,5428 Center Ct,Eastbeach,MT,52150
922-76-9791,Brian,Wright,7580 Madison Ter,Northwood,MO,68987
956-40-5993,Joseph,Garcia,6853 Valley Rd,Southfalls,MN,55688
944-37-7688,Timothy,Rodriguez,8867 Oak Ct,Eastbeach,GA,30001
976-30-0119,Margaret,Jackson,9081 Aspen Dr,Lakebay,CA,94908
982-50-6200,Amanda,Mitchell,3714 Valley Ave,Greenridge,IA,56467
987-35-4665,Michelle,Hall,8815 Grove Way,Stonecove,MN,58464
958-80-7419,Linda,Green,4558 Kennedy Ter,Mapledale,MD,22988
902-24-1676,Patricia,Wright,4722 Grove Rd,Lakewood,WI,55253
963-28-5602,Elizabeth,Smith,6985 Chestnut Ct,Greenton,UT,80134
907-35-6430,Timothy,Martinez,1269 Jefferson Ct,Goldenton,KY,40519
998-92-4079,James,Davis,6404 East Dr,Willowford,DE,24097
966-86-3416,Deborah,Miller,7846 Fairview Ln,Northmeadows,AK,93263
932-62-4896,Kimberly,Davis,3355 Aspen St,Rockfalls,MS,30691
901-22-4524,Margaret,Lee,9679 Willow Way,Greenvalley,ID,81850
988-77-2540,Brian,Walker,6184 Birch Dr,Riverharbor,OR,90146
980-08-0980,Nancy,Carter,5924 Grant Rd,Fortpoint,DC,21497
982-97-5691,Christopher,Scott,7287 Taylor Dr,Southport,NV,82061
962-91-7169,Thomas,Williams,9259 Cherry Pl,Rockwood,MA,05868
941-94-7675,Paul,Thompson,4610 Hamilton Pl,Newridge,NV,83109
969-47-7440,Charles,Taylor,111 Madison Pl,Maplesprings,DC,28702
979-31-5255,Lisa,Roberts,1137 Monroe Pl,Oldcreek,MI,40306
919-79-4639,Deborah,Scott,5385 North Blvd,Fortheights,MI,48586
922-05-3311,Robert,Rodriguez,1853 Main Dr,Fortton,VT,08572
962-68-9672,Matthew,Nelson,4293 Cedar Blvd,Portbeach,RI,09355
910-60-0995,Dorothy,Young,6013 Franklin Way,Hillview,SC,20214
938-10-3538,George,Jones,8611 Walnut Ave,Eastville,KY,44355
984-32-9340,Richard,King,3031 Franklin Pl,Whiteview,WY,88710
985-55-1706,Sandra,Hall,2833 Sunset Pl,Redhills,IA,59446
940-71-5320,Mark,Thompson,6190 North Way,Westpoint,OH,42591
948-99-9016,Paul,Wilson,4262 Aspen Ct,Greenharbor,WY,89968
902-67-2214,Charles,Hill,5045 Oak Ln,Rockville,MT,50003
970-66-9115,Brian,Moore,9449 Lincoln Rd,Lakebay,SC,25159
946-75-4094,William,Taylor,3917 Valley Ln,Redwood,RI,07542
992-42-7906,George,Jones,2932 Main Ter,Hillview,PR,09323
910-08-5479,Andrew,Harris,5800 South Way,Rockcove,RI,00612
980-49-0887,Kenneth,Roberts,5093 Adams St,Hilltown,VT,09868
906-87-6437,Joseph,Martinez,7400 Hamilton Ter,Eastplains,MS,35354
916-44-1353,Betty,Martinez,7896 Lincoln St,Bluedale,IL,63638
999-90-2137,Steven,Ramirez,2309 Center Pl,Cedarford,NE,64301
978-95-8590,Richard,Scott,4134 Park Ave,Portharbor,MD,26476
985-53-6940,Jennifer,Davis,6084 Spruce Dr,Fortharbor,AL,35298
921-45-7246,Deborah,Martin,2489 East St,Porttown,MS,39730
914-95-0894,George,Garcia,4082 Jackson Rd,Maplebay,SC,26124
957-61-0373,Linda,Martin,5537 Meadow Pl,Mountcove,FL,35624
961-80-2316,Thomas,Scott,401 Fairview Ter,Eastbay,NC,28952
989-80-4445,Charles,Gonzalez,969 West St,Springville,ID,84185
913-03-4793,Kevin,White,6432 Forest Way,Fortcreek,NJ,04445
911-24-3259,Joshua,Wright,8302 West Pl,Southcreek,IL,65168
962-51-2573,Karen,Perez,401 Spruce Blvd,Greengrove,UT,80651
932-50-0483,Patricia,Green,9192 Grove Dr,Eastmouth,IN,43869
948-67-3727,Jennifer,Campbell,6937 Park Ter,Fortwood,PA,16436
969-17-3388,Nancy,Lewis,2370 Wilson Pl,Hillpoint,PA,15118
917-56-2379,Amanda,King,9354 Hillcrest Blvd,Silverplains,NM,82262
903-98-5222,Elizabeth,Campbell,6883 North Ln,Goldenbeach,NJ,03016
923-04-4373,Michael,Rodriguez,9390 Jackson Dr,Stoneview,MT,52489
988-62-2197,Daniel,Garcia,8330 Hamilton Ct,Forttown,OK,73783
917-21-3167,Ashley,Walker,3807 Pine Way,Meadowford,UT,83014
925-97-3352,Melissa,Nelson,1183 Sunset Ct,Blueport,CA,94421
951-06-9961,Jessica,Ramirez,6332 Taylor Blvd,Meadowsprings,TX,75323
931-67-8813,Sandra,Williams,6581 Polk St,Pinesprings,OH,48530
937-57-6522,Patricia,Gonzalez,5089 Cherry Ct,Stonevalley,NE,68456
918-60-7401,Brian,King,1581 Taylor Pl,Oldville,DC,24823
950-53-5300,Paul,Rodriguez,7487 Maple Rd,Valleyplains,VT,09591
983-92-2687,Christopher,Hall,2124 Birch Ave,Cedarmouth,ND,57449
993-66-2620,Amanda,Harris,6304 Franklin Way,Cedargrove,UT,85946
920-19-2931,Kevin,Martinez,940 North Ln,Newcreek,ME,05491
925-01-4147,Linda,Rodriguez,300 West Ct,Portridge,GA,34731
975-85-7795,Jessica,Wilson,7534 North Ct,Valleyheights,WI,59961
980-72-3402,Sarah,Flores,901 Sunset Rd,Valleyfalls,PR,04009
973-78-4890,Robert,Nelson,5524 Birch St,Maplecreek,NH,00601
984-89-9748,Charles,Flores,9476 Franklin Rd,Springhills,RI,02920
947-49-1109,Karen,Lee,7101 Franklin Ave,Cedarbay,ND,50587
967-53-8596,Sarah,Perez,3538 Kennedy Dr,Pineplains,FL,32204
911-62-9909,Kenneth,King,4805 South Ter,Newmeadows,TX,71790
978-73-8133,Daniel,Rodriguez,8614 Taylor Ct,Newpoint,MS,38608
900-16-0393,Charles,Gonzalez,7716 Madison Ave,Greenplains,WI,59984
971-82-3479,Nancy,Thompson,285 Madison Dr,Blueville,AK,96793
964-71-5308,Karen,Martin,200 Willow Blvd,Oakton,NV,84168
942-44-7850,Barbara,Gonzalez,7874 Pine Rd,Oldtown,TN,39321
959-53-0918,Paul,Perez,8637 Chestnut Ter,Valleycreek,SD,57546
987-43-5794,Susan,Torres,1184 Riverside Ln,Westtown,WY,89096
977-50-3071,David,Torres,9851 Willow Ln,Portfalls,MA,06147
930-48-7405,Jennifer,Young,5058 Meadow Pl,Grandside,UT,80518
925-12-7271,Robert,Roberts,8390 Maple Ct,Redcove,GA,31838
939-42-2348,George,King,1709 Adams Rd,Goldenheights,IL,63116
900-40-0722,Kimberly,Davis,9836 Birch Blvd,Whiteplains,NC,27526
939-03-9463,Kevin,Mitchell,5214 Madison Dr,Eastbay,ND,51689
998-57-1928,Paul,Lee,4567 Riverside Rd,Silvermouth,MS,33154
926-70-5740,Steven,Miller,9100 Magnolia Ln,Oldfalls,AL,30249
978-44-8857,John,Martin,7368 Cedar Rd,Greenridge,PA,19405
954-51-2933,Patricia,Garcia,9866 Wilson Ct,Pineford,MA,00826
997-86-8741,Richard,Rivera,1386 West Ter,Goldenbeach,TX,75119
982-91-7626,Karen,Baker,7809 Forest Dr,Pinesprings,NY,17672
942-42-7427,Brian,Nelson,8087 Maple Ave,Whiteridge,PA,15954
998-45-9904,David,Jackson,9515 Lakeview Pl,Southsprings,SD,55758
938-69-7553,Dorothy,Jones,6666 Wilson Way,Goldenfalls,RI,01752
943-27-9683,Matthew,Jones,7163 South Ter,Springheights,VA,28977
985-10-9408,Barbara,Nelson,8072 Willow Ter,Mountport,OR,98921
939-52-1141,Mark,Lopez,9901 Walnut Ter,Westfield,OK,75330
911-28-2277,Kevin,Brown,9615 Madison St,Southvalley,HI,95364
978-74-7327,Charles,Harris,3305 Meadow Blvd,Northfalls,CA,92444
901-79-8363,Jennifer,Nguyen,6722 Lakeview Ln,Mountbury,GA,37122
945-15-4624,Amanda,Scott,610 Park Way,Rivertown,NH,08992
955-70-3461,Betty,Harris,2941 Center Rd,Mountford,NV,85212
985-17-2201,Elizabeth,Jackson,290 Elm St,Willowside,MD,25902
953-59-9903,William,Adams,7074 Jackson Rd,Mapleton,PA,17155
928-24-6960,Matthew,Thompson,221 Lincoln Ct,Willowsprings,ND,59044
946-05-0621,Paul,Torres,9408 Center Blvd,Grandside,WY,88220
996-36-7618,George,King,8569 Birch Pl,Maplemeadows,VT,01311
985-10-8835,Melissa,Nelson,9596 Chestnut Ter,Southvalley,TX,74017
965-61-9404,Donald,Robinson,5531 North Blvd,Stonetown,NH,08765
995-39-9236,Brian,Hill,4367 Cedar Ct,Springville,WA,94738
979-04-4700,Charles,Mitchell,8042 Birch Rd,Riverhills,LA,79385
935-33-0233,Michelle,Moore,1927 Hamilton Rd,Grandwood,IL,64552
989-31-7945,Barbara,Taylor,3062 Adams St,Redcove,LA,77317
996-53-6278,Elizabeth,Young,3998 Monroe Ct,Oldbeach,TN,32376
982-34-1901,Daniel,Brown,960 Hillcrest Ct,Newmeadows,WY,83454
929-49-6391,Timothy,Wright,7875 Valley Rd,Southmeadows,OH,44937
986-41-8688,Mark,Harris,772 Walnut Pl,Silvercove,KS,60194
934-35-1611,Sarah,Perez,4283 Grant Ter,Oldvalley,AZ,87074
924-67-5529,Donna,Roberts,3047 Magnolia Pl,Rockhills,OH,43961
913-88-7307,Michael,King,5859 Forest Ln,Lakeside,CT,01113
976-85-3553,Jennifer,Brown,9920 Madison Ave,Lakepoint,WV,20557
984-98-9275,William,Harris,3127 Willow Rd,Meadowpoint,UT,81415
935-99-6996,Kenneth,Robinson,5398 Valley Rd,Fortton,WV,27650
942-08-4231,Matthew,Harris,4436 Sunset Ct,Stoneville,HI,94543
962-14-2358,Barbara,Adams,8957 South Dr,Oldford,NJ,03287
909-10-9361,Michael,Williams,4205 East St,Mountmouth,TX,77234
934-20-5404,Kevin,Harris,6511 Lincoln St,Hillville,WI,50014
908-70-3701,George,Roberts,154 Fairview Ct,Blueford,IL,67833
980-83-1486,Betty,Brown,6085 Jefferson Blvd,Fortdale,VT,05463
905-50-3130,Barbara,Scott,4996 Kennedy Way,Portview,PR,04750
924-18-0585,Mark,Mitchell,3263 Maple Ter,Cedarvalley,RI,07970
939-64-8749,Paul,Adams,7461 Maple St,Cedarcove,VA,26369
915-28-8571,Robert,Sanchez,7609 Roosevelt Pl,Oakmeadows,TN,35533
983-03-7721,Elizabeth,Young,850 Park Rd,Rivermeadows,PA,11180
978-22-9684,Michael,Robinson,1147 Walnut Ave,Valleydale,CT,00818
994-87-6587,Margaret,Perez,5412 Willow Ter,Oakview,WI,51033
905-76-2842,Susan,Carter,5596 Elm Ave,Willowcove,MO,65268
921-57-3992,Lisa,Scott,9635 Pine Rd,Springplains,AL,36801
900-23-1461,Jennifer,Smith,9827 Cherry Way,Lakeheights,RI,02584
966-58-6751,Kenneth,Moore,4019 Sunset Ter,Clearwood,NV,82079
911-81-4935,Ashley,Flores,5799 North St,Springplains,NV,89769
946-98-8843,Michael,Flores,8415 Forest Ct,Pinegrove,NE,63144
987-61-8152,Linda,Martinez,2988 Hillcrest St,Riverview,HI,94528
978-98-7425,Thomas,Perez,809 Walnut St,Clearside,NH,04670
914-10-3856,Ashley,Allen,7387 Wilson Ter,Oaktown,MO,62589
999-15-5344,Christopher,Anderson,3831 Walnut Dr,Rockhills,MS,33256
974-63-0891,John,Walker,7241 Riverside Dr,Whiteport,AK,93276
992-25-5876,William,Robinson,4518 Highland Blvd,Whitebury,TX,72917
959-59-6853,William,Davis,2904 Sycamore Dr,Rivermouth,NY,19317
952-67-8016,Joseph,Garcia,3646 Wilson Ct,Newfalls,FL,32784
931-42-7115,Melissa,Thomas,9593 Forest Ter,Rockside,ND,50237
998-65-0551,Donald,Campbell,7074 Adams Way,Riverville,PA,16844
996-02-6663,Jennifer,Scott,3671 Lakeview Blvd,Southport,SD,57412
920-91-7525,Kevin,Martin,9445 Polk Ter,Lakeheights,FL,31486
923-48-7608,Amanda,Sanchez,122 Madison Ave,Stonewood,MA,07598
934-90-8888,Margaret,Carter,9524 Meadow Ave,Riverdale,MI,48698
914-50-5990,Lisa,Brown,7724 Jackson St,Easthills,TX,70898
971-91-3355,Amanda,Jones,2367 Sycamore Dr,Portfalls,KY,42871
926-97-3694,Donna,Hall,5350 Spruce Ln,Rockbay,MO,67839
957-63-8216,Lisa,Thompson,8729 Willow Ct,Riverton,IL,64540
908-25-7502,Carol,Hall,1530 Birch Way,Oldbury,UT,87405
989-19-8132,Sarah,Davis,2565 Meadow Pl,Pineridge,DE,21260
960-45-6884,Paul,Rodriguez,7372 Polk St,Bluehills,AZ,84803
982-43-6746,Joseph,King,9581 Sycamore Blvd,Lakecreek,FL,31031
921-34-3716,William,Martin,8033 Aspen Ln,Silverharbor,WI,57503
979-21-8771,Sandra,Hernandez,4773 Sunset Rd,Reddale,HI,92430
973-17-7224,Robert,Lee,4366 Aspen Rd,Greenfield,UT,82641
969-21-8744,Lisa,Lewis,5040 Willow St,Redwood,NC,25192
994-70-8314,Elizabeth,Smith,5527 Grant Ln,Northborough,OH,42381
956-44-1841,Andrew,Campbell,7947 Pine Rd,Fortwood,SD,59399
957-46-1516,Michelle,Anderson,5447 Cedar Ter,Lakeford,NM,85047
925-03-1370,Deborah,Moore,8921 East Ave,Eastport,CO,89558
965-08-5916,Joshua,Hill,6613 Riverside Way,Southborough,IL,63185
939-58-9192,Daniel,Thompson,1535 Meadow Ct,Lakedale,KY,46108
993-54-2287,George,Ramirez,9720 Hamilton Ave,Silverridge,AK,97249
908-76-6157,Kimberly,Perez,1549 Oak Way,Southcreek,PA,14968
972-97-2244,Sandra,Rivera,3364 Sunset Way,Springfalls,AZ,86791
938-64-9164,Karen,Nguyen,7693 Forest St,Willowbeach,FL,30691
960-16-4714,Kenneth,Green,6934 Sunset Ct,Granddale,OR,92523
908-77-5928,Sarah,Young,9620 Center Ter,Pinebay,NV,80466
965-94-9426,Linda,White,387 Valley Rd,Mountbeach,MN,57799
945-21-0867,Brian,Rodriguez,4567 Aspen Way,Goldensprings,LA,72394
909-66-3176,Kimberly,Green,3102 Walnut Ter,Silverdale,AZ,80798
938-35-5940,Christopher,Baker,1670 Jefferson Ter,Goldencreek,CA,98908
999-63-6751,Charles,White,5675 Hillcrest Ave,Maplegrove,IN,40211
978-89-8613,Richard,Scott,8817 Cleveland Pl,Greenbeach,NC,28247
902-62-5706,Linda,Rodriguez,5204 Kennedy Blvd,Northton,NV,86837
990-39-0472,Nancy,Lopez,2043 Forest Rd,Eastbay,NY,19791
910-55-1831,Susan,Rodriguez,1373 Maple Ct,Silverwood,NV,83712
965-76-0972,Robert,Nelson,7785 Willow Ln,Clearfield,CA,90696
915-78-3366,Timothy,Miller,9727 Highland Rd,Forttown,ME,04942
974-45-5771,Melissa,Moore,2730 Washington Ter,Cedarwood,ID,80479
967-28-3139,Timothy,Smith,4717 Hillcrest Pl,Willowharbor,VA,21623
946-90-9657,Amanda,Walker,3133 East Ave,Hillgrove,CT,03506
952-15-5150,Steven,Anderson,2125 West Ave,Blueview,DE,26219
971-93-0666,Amanda,Jackson,1447 Magnolia Ct,Stonebury,KS,68123
987-57-3701,Melissa,Martin,9175 North Ln,Northpoint,VT,04646
947-23-0210,Donald,Baker,8155 Roosevelt Ave,Valleybeach,MN,51140
918-51-6564,Jennifer,Davis,9775 Walnut Rd,Forthills,OH,48563
915-30-6959,Joshua,Sanchez,8277 Grove Ter,Goldenview,NJ,03261
951-63-8380,Kevin,Hill,4669 Riverside Ct,Redheights,LA,76557
917-04-1632,Joseph,Green,965 Elm Ct,Southheights,RI,04107
919-39-1579,Carol,Lee,1353 Monroe Pl,Whitepoint,NM,82934
962-65-4288,Kevin,Young,8987 Sycamore Pl,Cleardale,HI,97635
940-49-7251,Matthew,Lewis,7631 Pine St,Bluefield,MO,60517
991-50-7987,William,Martin,1892 Lincoln Ct,Southside,DE,22689
907-51-4316,David,Allen,8205 Wilson Way,Westcreek,ID,87797
905-17-6004,Mary,Nguyen,5815 Polk Ter,Goldenville,TX,74660
952-45-0925,Daniel,Thompson,4101 Park Dr,Pineside,MA,06235
914-44-2782,John,Martin,422 Jefferson Blvd,Cedarplains,CO,89708
902-90-7696,Anthony,Moore,9733 Maple Blvd,Newgrove,ME,06921
988-87-3374,Ashley,Miller,5604 Main Pl,Newfield,MI,45282
925-64-1235,Lisa,Ramirez,8879 Meadow Ln,Olddale,WA,92730
995-12-9474,Joseph,Flores,1652 Wilson Blvd,Newford,WV,24871
926-45-1257,Donald,Ramirez,5045 Washington Ln,Oakgrove,AL,39280
965-59-8972,Thomas,Flores,3058 Maple Pl,Blueford,MN,53278
934-82-8729,Melissa,Robinson,7206 Lincoln St,Fortbeach,DE,23489
995-88-4920,Jessica,Martinez,7233 North Blvd,Northwood,KS,65968
920-33-9851,Charles,Adams,3968 Locust Dr,Grandbeach,NJ,06757
962-72-7146,Karen,Robinson,7014 Grant St,Lakeport,VT,03144
984-71-2884,Thomas,Moore,791 Taylor Ct,Mapletown,MD,24468
938-09-6669,Christopher,Hill,6054 Monroe Ave,Meadowton,OR,90906
915-67-9510,Melissa,Allen,8705 Valley Ct,Pineharbor,OH,43867
974-95-6389,Christopher,Perez,3965 South Dr,Pinebay,PR,09827
932-76-0917,Mark,Clark,8134 Jefferson Blvd,Clearmouth,PA,12869
931-36-2375,Donald,Baker,6047 Center Blvd,Westside,NV,85185
906-89-3927,Melissa,Nelson,4244 Franklin Way,Riverbeach,GA,39925
949-02-6439,Jessica,Lewis,4286 Chestnut Ave,Westcreek,GA,31999
980-41-6657,David,Lewis,655 Grove Ave,Clearcreek,CA,94872
954-13-2628,Nancy,Rivera,4375 Washington Ave,Rockside,HI,97718
941-59-0449,Emily,Mitchell,953 Grant Rd,Rockbeach,IN,49865
939-41-9435,Richard,Green,1447 Willow Rd,Lakeford,AZ,82229
961-95-2188,Christopher,Lewis,4370 Sunset Ter,Fortside,VA,29732
950-49-9346,Lisa,Lopez,3777 Maple St,Cedarside,MS,33254
921-07-6571,Thomas,Hall,7127 Hamilton Ln,Northview,NE,61457
991-68-7130,Linda,Smith,7533 Roosevelt Ct,Springharbor,PA,16028
995-64-6260,Sarah,Jackson,2233 South Dr,Clearcreek,VT,03328
923-53-2392,Richard,Clark,571 Cherry Ln,Rockhills,OK,74636
958-11-0170,Carol,Adams,7782 Lakeview Blvd,Redharbor,VA,24068
994-77-4199,Amanda,Ramirez,1296 Walnut Pl,Mountford,NV,83476
977-86-9802,Donald,Thompson,845 Oak Ln,Hillport,NH,05453
971-06-9511,Lisa,Rodriguez,3038 Valley Rd,Whitehills,IL,64956
940-91-8691,William,Garcia,7193 Riverside Ln,Valleysprings,IL,65557
946-56-4636,Sarah,Mitchell,4412 Jackson Ln,Mapleheights,VT,00723
962-98-2479,Christopher,Mitchell,9204 Monroe Ct,Valleyridge,KS,67139
960-34-2680,Barbara,Williams,7753 South Ave,Riverport,NH,02435
958-64-1844,Emily,Young,2525 Willow Blvd,Redplains,WI,57233
965-35-9229,David,Mitchell,9695 Meadow Ter,Springbeach,PR,04654
963-87-1546,Jessica,Roberts,5484 Maple Ln,Hillton,CT,06822
919-04-1329,Michael,Lee,7640 Cleveland Ct,Redharbor,NM,86458
983-80-7424,Nancy,Williams,5423 Taylor Ter,Forttown,ND,59735
907-96-1159,Charles,Lee,9064 Hamilton Way,Oakvalley,NY,10797
911-03-3412,Deborah,Sanchez,2769 Fairview Way,Springport,PR,04180
939-88-9888,Margaret,Mitchell,2251 Spruce Ave,Silverheights,FL,31975
972-77-6932,Donald,Moore,1578 South Blvd,Northford,KY,48021
965-44-7595,Jennifer,Williams,3773 Grant Rd,Portside,TX,77112
938-20-2094,Jennifer,Walker,5021 Park Pl,Northside,WI,54762
965-14-8367,John,Williams,7061 North Ave,Riverfalls,MN,59314
964-03-1867,Jennifer,Roberts,7683 Sunset Rd,Grandharbor,ND,55823
975-93-7455,Karen,Lee,7471 Jackson Ln,Blueplains,OH,41364
933-87-1743,Melissa,Hill,7207 Jefferson St,Springton,TN,33458
958-89-6638,Dorothy,Walker,9961 Taylor Ct,Lakeridge,CT,01911
917-02-3127,Jennifer,Rodriguez,1933 Maple Dr,Oakdale,GA,36471
955-81-8825,Dorothy,Thomas,3227 Birch Ln,Portwood,MA,07882
921-20-7296,Mary,Davis,8047 Center St,Southside,HI,92427
942-02-1683,Betty,Brown,7174 North Ct,Silverharbor,MT,53298
975-93-7994,Ashley,Allen,3899 Cleveland St,Southford,AK,90606
934-83-6835,Emily,Jones,7855 Willow Ct,Newborough,KS,66914
936-93-3150,Mary,Hernandez,7788 Spruce Ct,Mountside,TX,77345
991-85-7676,Nancy,Hill,2248 Cherry Way,Hillhills,SC,29628
926-37-1413,David,Flores,8011 Lakeview Rd,Oakcreek,IA,57738
938-31-3432,Anthony,Young,9223 Cedar St,Southfield,MD,29924
904-09-5534,Barbara,Allen,7155 Willow Ter,Fortridge,IN,45849
945-99-0765,Thomas,Perez,9226 Grove Rd,Greenheights,SC,29207
914-14-9989,Sandra,Carter,1769 Franklin St,Hillsprings,NV,80826
920-94-4787,Susan,White,7333 Washington Ct,Portfield,IL,62736
915-26-7195,Nancy,Rodriguez,6911 Oak Dr,Portbury,WY,82527
934-48-6800,David,Garcia,6008 Madison Dr,Silvergrove,WA,95592
952-59-8457,Margaret,Clark,6027 Maple Ct,Maplecove,PA,13738
951-99-2693,Nancy,Lee,7211 Cedar Way,Cedarton,PA,18476
991-85-8517,Patricia,Green,4945 North Way,Valleyharbor,CA,92473
967-79-2407,James,Moore,6718 East Dr,Hillbury,NM,85139
999-26-4941,Dorothy,Sanchez,1480 Pine Pl,Valleycove,MO,65656
911-66-9041,Charles,Wilson,5215 Adams Blvd,Eastfalls,TN,32064
933-31-4980,Paul,Nguyen,7026 Washington Ave,Lakecove,CA,90383
915-07-2044,Steven,Thompson,7452 Chestnut Ter,Grandvalley,WY,86110
972-92-8738,Melissa,Nguyen,9857 Forest Blvd,Goldenport,AK,97424
966-95-4058,Amanda,Harris,1824 Magnolia Pl,Fortwood,GA,39384
954-53-1343,Elizabeth,Rivera,1611 Cedar Way,Northfield,LA,75919
967-52-9638,Lisa,Baker,9258 Adams Way,Northton,NY,13519
953-21-2365,Ashley,Campbell,8386 Lakeview Ct,Northplains,WV,26937
988-28-7462,Kimberly,Davis,7855 Pine Rd,Mountgrove,UT,82119
915-48-9368,Anthony,Davis,4844 Pine Pl,Oldcreek,NE,61945
962-04-2341,Karen,Jackson,2428 Wilson Way,Silverbury,PA,16086
900-16-8971,Melissa,Young,5812 Elm St,Clearridge,NH,04644
948-61-9924,Mark,Perez,2275 Lakeview Pl,Silverharbor,IA,59389
941-12-6712,Elizabeth,Campbell,6444 Forest Way,Fortsprings,AZ,87371
921-91-0407,Dorothy,Garcia,9471 Madison Ln,Rockmouth,TN,37259
973-97-0867,Michelle,Wright,9442 Adams Dr,Cedarview,NE,69164
968-24-0311,Linda,Nelson,4604 Meadow Dr,Valleytown,CA,98235
951-76-0738,Joshua,Lee,8152 Maple Blvd,Oakfalls,UT,81386
948-33-1492,Kimberly,Lee,1978 Walnut Pl,Lakecreek,MN,56798
919-40-6673,Deborah,Garcia,2872 Cedar Ter,Springmouth,DC,22359
912-41-2335,Karen,Harris,6863 Magnolia Ln,Mountville,MS,30445
975-31-8077,Timothy,Hill,8433 Washington Way,Clearport,MI,40849
908-62-0474,Emily,Clark,6776 Madison Dr,Goldensprings,VT,00993
997-72-2058,Michael,Thomas,5090 Lincoln Way,Newhills,MA,09077
969-22-4017,Elizabeth,White,8906 South Pl,Clearcove,MT,58199
983-22-0009,Michelle,Jackson,1085 Center Ln,Willowsprings,MT,50016
974-66-4610,Kenneth,Wilson,845 Hillcrest Pl,Redbeach,OK,76228
917-93-9118,Brian,Davis,4678 South Dr,Cedarford,AR,74925
957-35-4030,Timothy,Rivera,5369 Sycamore Dr,Portmouth,TX,75613
900-78-7808,William,Adams,170 Oak Rd,Hillplains,ND,50260
909-69-0508,Dorothy,Adams,7393 Roosevelt Ave,Westton,IA,56435
989-02-2045,Barbara,Roberts,7680 Aspen Dr,Redford,IN,49851
987-91-5863,Timothy,Moore,3237 Birch Ter,Rocktown,MT,53629
935-64-9930,Lisa,Williams,3525 Oak Dr,Greenheights,AZ,83623
963-22-9041,Andrew,Allen,3274 Monroe Ter,Meadowmouth,AZ,81817
916-34-9338,Melissa,Jones,3834 Adams Ln,Newwood,NM,81070
958-01-6998,Carol,Scott,949 Magnolia Way,Oldmouth,MD,28731
946-67-0713,Sandra,Young,3778 Cedar Ln,Fortgrove,IA,51994
910-74-0416,Richard,Perez,3796 Kennedy Way,Lakeford,IA,55181
980-81-1585,Karen,Jones,556 Center Way,Springborough,NJ,03225
931-14-7760,Nancy,Taylor,4005 Sycamore St,Oakvalley,WA,99708
997-13-7315,Michelle,Lewis,9585 Willow Ave,Stonepoint,TN,31194
916-08-7241,Brian,Jones,997 Chestnut Ter,Goldencreek,NH,06183
906-38-6250,Patricia,Scott,6681 Walnut Ter,Pinehills,AZ,81077
901-59-6291,Kevin,Flores,7705 South Ter,Meadowpoint,CA,93819
966-43-9631,Mary,Robinson,3253 Walnut Ave,Porthills,TX,75564
916-82-8338,Richard,Torres,4298 Spruce Way,Oakbeach,CT,09713
916-40-9577,Robert,Brown,7240 Washington Blvd,Greenwood,SD,53046
937-48-0133,Joshua,Perez,8581 Wilson Rd,Southdale,GA,32415
954-45-3202,Emily,Brown,3382 Madison Dr,Willowbeach,NH,08308
988-60-9827,Donald,Hall,5525 Wilson Ter,Clearhills,OR,95595
905-64-3595,Michael,Robinson,160 Madison Dr,Goldenridge,TN,36859
994-99-5432,Jessica,Walker,6258 Meadow Way,Oldview,NV,87643
971-15-2334,Daniel,Johnson,4860 East Dr,Laketon,DE,25944
922-29-4293,Richard,Jackson,2955 Sycamore Pl,Lakeview,AZ,80719
902-87-2249,Thomas,Miller,6308 Grant Ave,Lakeridge,VA,23211
984-22-8634,Lisa,White,7206 Cleveland Ave,Northport,TN,34998
948-89-6132,Richard,Wright,5309 Hamilton Way,Oakview,VT,02142
968-38-2435,Donna,Gonzalez,5468 Park St,Stonepoint,AZ,80756
926-94-1334,Donna,Young,7811 Monroe Ter,Meadowgrove,AZ,82071
965-48-8169,Dorothy,Carter,8601 West Rd,Whitebay,NJ,08333
960-35-9523,Amanda,Young,6669 Madison Ter,Mountheights,MS,38609
950-28-5014,Mark,Thomas,7063 Fairview Ter,Greenview,CO,83394
910-38-7283,William,Carter,8600 Spruce Dr,Westton,DC,24170
957-60-7087,Nancy,Ramirez,6800 Aspen Ct,Eastpoint,LA,77622
933-83-1244,Mark,Anderson,5983 Birch Ln,Lakeridge,MS,36264
909-47-0628,Michael,Davis,9046 Highland Blvd,Hillport,IL,64528
935-25-9897,Deborah,Baker,2358 Cleveland Pl,Silvermeadows,MD,24096
951-75-0195,Daniel,Sanchez,7833 Grant Pl,Silverbeach,WV,24906
926-61-3830,George,Mitchell,8551 Wilson Pl,Greenport,CA,96512
924-55-6844,Jennifer,Lee,3533 East Ct,Goldencove,CA,97559
994-02-8189,William,Martin,5910 Sycamore Dr,Mapleharbor,NE,66139
938-42-9617,Brian,Wright,480 Lincoln St,Stonebay,IA,56608
973-51-6248,Joshua,Hill,3445 Locust Ave,Newvalley,NY,15410
957-82-4992,Nancy,Torres,1627 Hillcrest Ave,Southfield,MO,63085
903-24-3261,Joshua,Young,1238 Fairview Ln,Willowplains,NM,80525
907-48-8496,John,Robinson,280 Hillcrest Blvd,Fortgrove,NC,24769
961-96-1127,Paul,Clark,6473 Meadow Rd,Pinewood,IA,52572
920-78-9423,Kevin,Walker,5184 Wilson Dr,Willowplains,NC,27081
908-52-9910,Elizabeth,Lewis,4144 Adams Blvd,Cleartown,IL,64512
911-37-7477,Robert,Mitchell,5781 Kennedy Ln,Northharbor,AR,77539
955-59-6303,Michelle,Campbell,3105 Kennedy Ter,Greenridge,OH,46800
980-69-4783,David,Moore,1193 Kennedy Dr,Greencreek,RI,00715
913-65-5342,John,Carter,6819 East Rd,Pinebury,WI,59057
981-89-7568,Mary,Jones,6344 Sycamore Way,Riversprings,WV,28291
917-42-7607,Linda,Rivera,8042 West Ave,Lakemouth,MD,20618
921-03-9945,Sarah,Hernandez,1746 Sunset Ln,Mapleheights,PR,07171
986-35-2515,Timothy,Smith,7319 Spruce Rd,Cedarhills,VT,02759
981-67-1685,Brian,Brown,6499 Kennedy Ln,Clearsprings,NC,28721
998-26-4092,Deborah,Harris,6238 Park Dr,Lakeville,MT,59800
987-86-1036,Nancy,Gonzalez,3713 Walnut Rd,Laketown,PR,06908
941-72-3106,Michael,Lee,3493 Jefferson Way,Bluegrove,WY,80721
922-02-6589,Daniel,Lee,5281 Oak Way,Clearfield,MN,53807
979-48-0720,Sarah,Adams,1203 Meadow Way,Cedarhills,NC,23606
932-13-9829,Andrew,Hernandez,5414 Madison Way,Mountfalls,GA,31668
940-86-7900,Timothy,Hall,1206 Sycamore St,Springvalley,NM,85440
964-76-0218,Melissa,Anderson,3911 Maple Ter,Eastvalley,OK,76264
931-80-1301,Margaret,Carter,1081 Lakeview Blvd,Greenmeadows,CA,95060
904-31-9799,Susan,Adams,7370 Polk Blvd,Mapleford,WI,53309
966-54-4727,Timothy,Williams,488 Forest Blvd,Portcove,NY,15202
987-90-3645,Kevin,Thomas,6350 Adams Blvd,Westville,TN,33372
924-07-2319,Ashley,Jones,3445 Lakeview Ave,Cedarcreek,DE,20099
959-40-2690,Margaret,Campbell,3336 Park Way,Eastton,DE,23871
925-35-7884,Mark,Green,1410 Aspen Way,Silverharbor,DE,24966
994-56-2554,Steven,Flores,7997 Maple Way,Northside,MI,47712
993-23-4216,Elizabeth,Scott,6333 West Ln,Oldfalls,MN,54918
942-18-7689,Donald,Jones,3306 Riverside Dr,Westpoint,ND,56146
951-54-6466,Lisa,Young,6213 Fairview Ct,Rockmeadows,CT,08203
972-21-3183,Linda,Harris,7248 Valley Blvd,Valleyville,GA,36697
954-95-4044,Dorothy,Harris,4070 Center St,Mountville,IL,66032
918-33-4054,Sandra,Baker,9965 Wilson Rd,Grandpoint,KY,42422
990-76-1317,Matthew,Sanchez,8595 Highland Way,Portplains,CT,01512
984-49-9603,Steven,Wright,5145 Taylor Way,Mountdale,DC,24143
918-35-3433,Deborah,Thompson,6620 Kennedy Ln,Portharbor,CA,91790
989-54-8601,John,Roberts,6929 Grant Ln,Lakefield,CT,08056
917-26-7971,Barbara,Rivera,3081 Washington Ave,Springbury,WY,82795
997-25-4250,Melissa,Lopez,6797 East Ter,Clearville,MT,53041
935-09-5606,Matthew,Davis,586 Wilson Dr,Silverton,RI,01307
900-86-9543,Sarah,Carter,785 Walnut Dr,Lakeville,SD,51651
962-61-5522,Timothy,Moore,7136 Sycamore Blvd,Oldgrove,KS,66154
951-49-0938,Lisa,Nelson,5933 Sycamore Ave,Willowport,NM,85164
977-16-8694,William,Johnson,4678 Kennedy Dr,Rockbeach,CT,06583
900-82-5279,Kevin,Gonzalez,372 Madison Blvd,Eastside,KY,47785
994-79-1334,Ashley,Sanchez,5807 South Ct,Greenpoint,ME,07279
918-67-9370,Richard,Rivera,8367 Pine Rd,Silverpoint,ID,86305
921-58-1896,Emily,Robinson,7999 Monroe Pl,Willowhills,WI,54937
911-14-7126,Kevin,Hall,578 Hillcrest Blvd,Springbay,VA,23467
985-16-2225,Kevin,Walker,8857 Madison Ct,Rockmouth,MI,43610
908-83-5624,Deborah,Hill,6276 Cleveland Way,Hillharbor,PR,03666
911-15-1461,Linda,Jackson,5674 Polk Ter,Greenmouth,CO,83823
973-95-0028,Christopher,Harris,5192 Cedar Ter,Redwood,MD,29385
986-17-8516,Deborah,White,9956 Wilson Dr,Blueborough,MO,66359
918-38-3587,Sandra,Lee,8289 Roosevelt Ct,Westcreek,RI,00150
976-41-5061,Brian,Williams,8330 Kennedy Ave,Rockhills,PA,12389
907-43-2502,Amanda,Harris,3550 Taylor Dr,Southdale,AL,33534
938-85-2609,George,Sanchez,453 Franklin Way,Meadowheights,NV,82933
909-68-4638,Betty,Sanchez,4726 Kennedy Dr,Redbay,TN,37756
906-91-4982,Timothy,Nguyen,7596 Grant Rd,Mapleborough,NV,81594
926-28-3206,Charles,Martinez,249 Aspen Ter,Mountheights,AR,77239
912-46-7764,David,Brown,3043 Cedar Ave,Bluehills,RI,06169
951-32-0557,Kenneth,Campbell,2046 Park Way,Bluewood,IL,69722
999-89-1469,Melissa,Harris,7696 Grant Way,Springvalley,WI,59767
915-63-8352,Linda,Garcia,3785 Maple Ter,Lakefield,AL,36018
923-50-7933,Michael,Nguyen,7205 Chestnut Ter,Mountmeadows,AR,74484
951-90-0324,Paul,Lopez,6551 Franklin Pl,Cedarplains,NY,15328
991-84-2034,Donna,Wright,3499 Monroe Ave,Eastbeach,OR,91047
905-17-9423,Christopher,Davis,3478 Grant Rd,Westsprings,DE,20087
946-70-2812,Steven,Martin,7031 Monroe St,Cedarfield,PR,00573
968-57-2292,Charles,Nelson,9554 Main Blvd,Eastcove,VA,20756
912-85-0733,Susan,Hall,3984 Pine Dr,Westgrove,KS,69931
975-46-4545,Emily,Wilson,2205 Taylor Ter,Maplepoint,PA,13526
920-52-7473,Matthew,Adams,1464 Valley Way,Grandmouth,MN,59008
934-82-3157,Kenneth,Campbell,6197 Lincoln Pl,Clearton,NV,88780
948-04-9890,Christopher,Ramirez,4155 Elm Ln,Willowwood,OK,76876
911-47-5465,Nancy,Green,4576 Riverside Dr,Blueton,VT,08984
915-23-8626,Matthew,Miller,5122 Wilson Ct,Whiteport,AL,31604
977-13-0786,Emily,Moore,2897 Magnolia Way,Meadowdale,RI,09374
975-17-4245,Betty,Walker,255 Roosevelt Pl,Westpoint,DE,28711
934-07-6065,Andrew,Mitchell,4181 Roosevelt Ter,Mapleford,UT,82070
936-36-7009,Sandra,Allen,8629 Cleveland Dr,Northbury,IA,52999
981-11-1257,Christopher,Garcia,4032 Birch Rd,Bluebay,GA,35007
901-55-8335,Emily,Young,2335 Center Ct,Rockdale,AR,71385
900-92-6963,Richard,Mitchell,8854 Polk Blvd,Lakepoint,IL,66643
967-29-2865,Carol,Carter,1330 Aspen Rd,Northridge,VA,29951
947-15-5538,Matthew,Hernandez,4192 Jefferson Ave,Blueheights,IL,60834
994-81-9320,Susan,Smith,6549 Meadow Ln,Silvermouth,FL,37915
945-01-7543,Ashley,Brown,5482 Chestnut Blvd,Valleypoint,CO,87586
945-02-1661,Barbara,Sanchez,7158 Main Dr,Valleymeadows,RI,05729
998-85-4099,James,Martinez,3804 Center Way,Pineheights,PR,06729
913-57-7199,Paul,Moore,2751 Lakeview Blvd,Blueridge,KY,45971
914-25-4668,Amanda,Gonzalez,759 Lakeview Way,Redcreek,AK,90095
985-35-1947,Richard,Walker,6999 Main Pl,Springhills,IA,50517
964-93-6371,Deborah,Sanchez,2253 Willow Ave,Stonebay,WI,55322
998-88-3875,Steven,Smith,952 Roosevelt Blvd,Maplebury,OR,92066
910-98-7028,Charles,Young,4159 Jackson Rd,Southdale,MN,57116
989-32-7032,Linda,Taylor,3350 Center Ave,Grandbay,WY,84087
919-30-1974,Kenneth,Green,2267 Locust St,Meadowharbor,NV,83091
911-07-6232,Michelle,Gonzalez,6773 Adams Ln,Bluetown,AL,32395
965-55-0847,Donald,Brown,5085 Willow Ln,Goldenside,NV,83633
906-24-0670,Jessica,Lee,108 Cedar Blvd,Mountside,KY,45751
923-33-8050,Michael,Ramirez,6056 Sycamore Ln,Grandpoint,NC,27734
942-47-5921,Deborah,Rodriguez,9748 Adams Ter,Fortfalls,VT,00223
913-17-9861,Matthew,Garcia,2071 Pine Ter,Clearharbor,KY,44521
969-80-5619,Michael,Jones,5039 Taylor Ct,Mountsprings,CO,83160
924-54-9020,Robert,Rodriguez,4237 Franklin Blvd,Rockwood,CA,98741
953-68-8256,John,Walker,458 Hillcrest Ter,Hillside,KY,41923
924-95-6513,Patricia,Hall,8210 Roosevelt Pl,Riverharbor,AL,34745
971-50-6568,Steven,Harris,4548 Meadow Rd,Northbay,IL,62711
965-59-8255,Brian,Smith,8702 Valley Ln,Clearharbor,CT,09369
905-69-3903,David,Anderson,4881 Pine Rd,Westfield,SC,24399
931-27-8759,Patricia,Adams,2003 Oak Blvd,Meadowcove,AL,34430
992-18-6691,Emily,Taylor,4931 Magnolia St,Cedarplains,AZ,85317
932-03-8805,Sarah,Lopez,9656 Walnut Way,Greenmeadows,AZ,85824
941-35-3342,Mark,Anderson,9629 Madison Way,Westview,CO,89901
918-62-1536,Margaret,White,8225 Sunset Ct,Rockmeadows,PA,13796
982-37-0345,George,Lopez,5181 Hillcrest Rd,Newheights,DE,23094
958-83-6595,Margaret,Thomas,1742 Taylor Pl,Mapleton,OH,41137
914-02-0717,Matthew,Johnson,2265 Park Ave,Pineford,NY,19884
969-95-5545,James,Miller,1492 Highland Rd,Lakecove,AL,39824
931-08-8906,Donald,Martinez,4482 Madison Pl,Silverborough,SD,52672
965-54-2324,Charles,Miller,119 Forest St,Pinefalls,VT,00729
928-88-6304,Dorothy,Jackson,1941 Main Rd,Maplebury,SC,26314
942-16-5907,John,Flores,1489 Pine Ter,Silverbury,VT,01666
986-55-2462,Joshua,Lopez,5040 Jackson Ln,Eastborough,PA,17022
933-92-1252,Kevin,White,135 Riverside Rd,Hillheights,IN,44441
914-74-7004,Donald,Jones,4662 Riverside Ave,Northmeadows,MS,36399
963-55-7886,Daniel,Lee,6882 Hamilton Blvd,Stoneford,MS,32979
968-64-8725,Ashley,Wright,8885 Forest Way,Bluefalls,NY,16278
928-90-1430,Brian,Mitchell,3953 Aspen St,Newbay,PR,08633
907-45-5913,William,Davis,2383 Cherry Ct,Westheights,NC,25937
995-18-1921,Joseph,Brown,2444 Fairview St,Clearbeach,PA,13973
974-10-7813,Michael,Nelson,9830 Hillcrest St,Riverplains,NV,86089
972-54-2453,John,Smith,3088 Center Rd,Cedarport,PA,12314
982-89-0217,Nancy,Lewis,4798 Willow Rd,Bluemeadows,AK,97703
901-51-6941,Steven,Hernandez,7543 Franklin Ln,Stoneridge,NH,09898
966-49-2051,Sarah,Garcia,3571 Locust Ter,Blueridge,AR,73724
977-10-7675,Melissa,Scott,7921 Magnolia Way,Springbeach,NH,06427
924-35-1777,Dorothy,Ramirez,1810 Elm Blvd,Oakbury,MI,40895
913-09-3472,David,Wright,9883 Oak Ln,Greendale,OK,70459
972-06-9237,Jennifer,Torres,8026 Pine St,Greenmouth,MD,20530
950-65-3193,Timothy,Jackson,5252 Locust Blvd,Lakebury,MS,35056
964-20-0389,Steven,Miller,9720 Fairview Ct,Bluemeadows,NY,15428
910-81-1529,Carol,Robinson,3894 Meadow Rd,Springwood,LA,74753
966-99-5594,Joshua,Adams,7431 Lakeview Blvd,Eastmeadows,HI,98218
949-31-3422,Deborah,Baker,1328 Riverside Ter,Riverplains,FL,37059
939-71-1429,Elizabeth,Roberts,8274 Walnut Ct,Oaktown,AZ,81595
946-46-1462,Sarah,Torres,1265 Sunset Ct,Springton,MS,34843
915-73-8000,Dorothy,Rodriguez,748 Aspen Ln,Stonesprings,WV,24194
940-48-1368,Steven,Flores,6869 Washington Ct,Northbury,OH,42113
971-02-2533,Jessica,Hall,1825 Cherry Way,Rockcove,WV,20934
911-45-7633,Sandra,Nelson,7775 Grant Pl,Greenford,DC,21195
998-56-3269,Michael,Sanchez,6678 Sycamore Ave,Springmeadows,ND,51406
960-15-4561,Brian,Mitchell,7547 Pine Pl,Southview,MS,39901
904-77-6231,Christopher,Torres,1122 Aspen Way,Portview,PA,12384
987-55-4422,Mary,Carter,4229 Madison Rd,Clearcreek,SD,50886
991-58-6877,Jennifer,Martin,8697 Meadow Ln,Grandford,PR,01134
938-22-3254,Nancy,Carter,5822 North Ct,Valleyside,DE,21514
901-72-9784,Andrew,Harris,3353 Elm Ter,Redplains,SD,57156
994-94-5186,George,Mitchell,332 Riverside Ct,Fortbeach,TX,75304
933-67-0061,Carol,Clark,7481 Lakeview Ct,Pinecove,PA,15184
989-70-2722,Richard,Clark,9945 Fairview Dr,Clearmeadows,AZ,80597
946-03-4948,James,White,5129 Washington Ave,Fortharbor,IN,43131
969-55-8572,Daniel,Thompson,5602 Willow Rd,Blueside,NV,87471
969-56-6252,Joshua,Hernandez,4769 Monroe Way,Springfalls,ND,56113
983-03-6739,Michael,Garcia,1798 Main Ter,Cedarcove,AZ,81625
937-54-3472,Robert,Nelson,3751 West Pl,Eastharbor,MO,67276
959-53-6485,Linda,Thompson,224 Aspen Dr,Meadowheights,MI,43204
953-87-3958,Thomas,Martin,168 North St,Valleyhills,IL,64384
